19.674,19.08,20.126,18.485,50.881,52.29,49.677,52.579,20.198,19.579,21.413,19.674,0.13
19.651,19.08,20.103,18.509,50.849,52.29,49.737,52.613,20.198,19.579,21.366,19.674,0.16
19.674,19.056,20.079,18.485,50.849,52.287,49.737,52.451,20.198,19.579,21.318,19.674,0.17
19.674,19.056,20.079,18.509,50.755,52.256,49.894,52.765,20.198,19.579,21.27,19.651,0.13
19.674,19.032,20.055,18.509,50.912,52.256,49.765,52.7,20.198,19.555,21.246,19.651,0.21
19.674,19.008,20.031,18.485,51.006,52.225,49.73,52.7,20.198,19.555,21.199,19.651,0.19
19.674,19.008,20.031,18.485,51.006,52.377,49.954,52.796,20.198,19.555,21.175,19.651,0.19
19.674,18.985,20.007,18.438,50.564,52.346,49.986,52.634,20.198,19.532,21.127,19.627,0.13
19.674,18.985,20.007,18.485,50.818,52.377,49.888,52.731,20.198,19.532,21.103,19.627,0.18
19.674,18.985,20.007,18.438,50.881,52.471,49.983,52.51,20.198,19.532,21.079,19.627,0.17
19.674,18.985,19.984,18.461,50.881,52.467,50.077,52.669,20.198,19.532,21.056,19.603,0.13
19.698,18.985,19.96,18.414,50.912,52.467,49.951,52.562,20.198,19.508,21.008,19.603,0.18
19.674,18.985,19.96,18.414,50.944,52.405,50.108,52.911,20.198,19.508,21.008,19.603,0.19
19.674,18.985,19.96,18.438,50.944,52.374,49.983,52.849,20.198,19.508,20.984,19.603,0.11
19.674,18.961,19.936,18.414,50.689,52.374,50.046,52.724,20.198,19.508,20.96,19.579,0.13
19.651,18.961,19.936,18.438,50.94,52.312,50.108,52.821,20.198,19.484,20.936,19.579,0.13
19.651,18.961,19.936,18.39,50.878,52.339,50.077,52.69,20.198,19.484,20.913,19.579,0.21
19.651,18.961,19.912,18.414,50.909,52.277,50.203,52.911,20.198,19.484,20.913,19.555,0.19
19.651,18.937,19.912,18.319,50.843,52.308,50.231,52.804,20.198,19.484,20.889,19.555,0.16
19.627,18.937,19.912,18.343,50.94,52.367,49.79,53.121,20.198,19.46,20.865,19.532,0.22
19.627,18.937,19.912,18.319,51,52.398,49.661,52.963,20.198,19.46,20.865,19.532,0.27
19.603,18.937,19.888,18.319,51.031,52.398,49.847,53.059,20.174,19.46,20.841,19.508,0.1
19.603,18.937,19.888,18.343,51.063,52.461,49.879,52.994,20.174,19.46,20.841,19.508,0.22
19.603,18.937,19.888,18.295,51.063,52.492,49.973,53.087,20.174,19.46,20.817,19.508,0.13
19.603,18.913,19.865,18.343,51.094,52.461,50.162,53.121,20.174,19.46,20.793,19.508,0.25
19.603,18.913,19.865,18.271,51.063,52.398,50.005,52.991,20.15,19.436,20.793,19.484,0.17
19.579,18.913,19.841,18.319,51.125,52.461,50.193,53.056,20.15,19.436,20.77,19.484,0.16
19.579,18.913,19.841,18.271,51.188,52.582,50.225,52.863,20.15,19.436,20.77,19.46,0.14
19.579,18.889,19.841,18.295,51.125,52.644,50.445,53.239,20.15,19.436,20.77,19.46,0.16
19.579,18.913,19.817,18.295,51.066,52.613,50.445,53.046,20.126,19.436,20.746,19.46,0.2
19.579,18.913,19.817,18.319,50.812,52.613,50.228,53.111,20.15,19.413,20.722,19.46,0.16
19.555,18.889,19.817,18.343,50.937,52.644,50.197,53.142,20.126,19.413,20.722,19.46,0.15
19.555,18.889,19.817,18.343,51,52.831,50.385,53.325,20.126,19.413,20.698,19.46,0.12
19.555,18.913,19.793,18.39,51.125,53.359,50.417,53.979,20.126,19.413,20.698,19.46,0.17
19.555,18.937,19.77,18.414,52.744,55.62,51.296,57.637,20.126,19.413,20.674,19.46,0.14
19.555,18.961,19.77,18.485,53.059,56.42,52.235,58.313,20.103,19.436,20.674,19.484,0.14
19.579,19.008,19.77,18.557,54.395,56.543,51.954,59.686,20.103,19.436,20.65,19.508,0.14
19.603,19.032,19.77,18.604,55.262,58.079,53.794,60.902,20.126,19.46,20.627,19.532,0.17
19.627,19.056,19.77,18.652,57.142,57.715,54.074,62.053,20.126,19.508,20.627,19.555,0.16
19.651,19.103,19.793,18.747,59.346,58.055,54.602,63.619,20.15,19.532,20.627,19.579,0.14
19.698,19.151,19.817,18.818,58.219,59.492,54.726,63.443,20.174,19.579,20.627,19.627,0.18
19.746,19.222,19.865,18.889,58.162,59.07,55.905,64.23,20.198,19.627,20.627,19.674,0.16
19.77,19.27,19.912,19.008,57.978,59.469,56.707,65.725,20.222,19.674,20.65,19.722,0.22
19.841,19.341,19.936,19.151,59.574,61.595,57.665,68.701,20.246,19.722,20.674,19.77,0.15
19.888,19.413,20.007,19.246,60.157,63.349,60.662,69.938,20.317,19.77,20.698,19.841,0.18
19.96,19.508,20.055,19.365,61.889,65.328,59.108,70.596,20.365,19.841,20.722,19.936,0.15
20.031,19.603,20.126,19.46,64.965,65.753,59.966,70.166,20.436,19.912,20.77,20.007,0.15
20.126,19.698,20.198,19.579,64.104,66.683,60.609,70.706,20.484,19.984,20.817,20.079,0.18
20.198,19.793,20.269,19.674,64.708,66.899,61.312,70.066,20.555,20.055,20.865,20.174,0.19
20.269,19.865,20.341,19.77,64.566,67.086,63.315,69.253,20.627,20.126,20.913,20.246,0.16
20.365,19.936,20.412,19.841,65.169,67.42,63.194,68.879,20.698,20.198,20.96,20.317,0.17
20.412,20.007,20.46,19.936,64.938,67.661,64.255,69.065,20.77,20.293,21.032,20.412,0.21
20.484,20.079,20.531,20.007,65.754,67.463,64.409,68.396,20.841,20.341,21.103,20.484,0.15
20.531,20.15,20.579,20.055,64.741,66.933,64.718,67.991,20.913,20.436,21.151,20.555,0.23
20.603,20.222,20.627,20.103,64.805,66.704,64.121,67.737,20.984,20.484,21.199,20.627,0.23
20.65,20.269,20.674,20.174,64.603,66.415,63.493,67.86,21.032,20.555,21.246,20.698,0.25
20.722,20.341,20.722,20.246,64.581,66.271,62.743,67.128,21.103,20.603,21.318,20.77,0.23
20.77,20.388,20.77,20.269,64.585,66.041,63.079,66.895,21.151,20.65,21.342,20.817,0.18
20.817,20.436,20.841,20.317,64.439,65.628,63.023,66.695,21.199,20.698,21.413,20.889,0.19
20.865,20.46,20.865,20.341,64.383,65.274,62.543,65.777,21.27,20.746,21.437,20.936,0.16
20.913,20.507,20.913,20.388,64.151,65.043,61.726,65.512,21.294,20.793,21.485,20.984,0.17
20.936,20.531,20.96,20.388,63.885,64.807,61.972,65.371,21.342,20.817,21.533,21.008,0.22
20.984,20.555,21.008,20.436,63.347,64.602,61.612,65.644,21.39,20.865,21.557,21.056,0.16
21.008,20.603,21.032,20.436,63.079,64.516,61.282,64.782,21.437,20.889,21.604,21.103,0.21
21.056,20.627,21.056,20.484,62.962,64.19,61.225,65.055,21.461,20.913,21.628,21.127,0.22
21.079,20.65,21.103,20.507,62.966,64.044,61.229,64.7,21.485,20.96,21.652,21.151,0.19
21.103,20.674,21.127,20.507,62.547,63.838,60.868,64.344,21.533,20.984,21.7,21.175,0.17
21.127,20.674,21.151,20.531,62.581,63.602,60.686,64.108,21.557,21.008,21.724,21.199,0.17
21.151,20.698,21.175,20.531,62.495,63.305,60.442,63.722,21.581,21.008,21.748,21.223,0.14
21.151,20.698,21.199,20.555,62.166,63.128,60.507,63.516,21.604,21.032,21.772,21.246,0.16
21.175,20.722,21.223,20.507,61.958,62.891,60.263,62.917,21.628,21.056,21.795,21.27,0.14
21.199,20.722,21.246,20.531,61.685,62.619,60.084,62.831,21.652,21.056,21.819,21.294,0.24
21.223,20.722,21.27,20.531,61.567,62.412,59.9,62.442,21.676,21.079,21.819,21.294,0.25
21.246,20.722,21.27,20.531,61.389,62.235,59.809,62.321,21.676,21.079,21.843,21.294,0.16
21.246,20.746,21.294,20.555,61.271,62.178,59.66,62.239,21.7,21.103,21.867,21.318,0.16
21.27,20.722,21.318,20.555,61.123,61.906,59.629,62.027,21.724,21.103,21.867,21.318,0.14
21.27,20.722,21.318,20.579,60.88,61.698,59.511,62.031,21.724,21.103,21.891,21.342,0.13
21.27,20.722,21.342,20.555,60.61,61.577,59.144,61.611,21.748,21.103,21.915,21.342,0.19
21.294,20.722,21.366,20.579,60.518,61.368,59.144,61.796,21.772,21.103,21.915,21.366,0.14
21.294,20.722,21.39,20.555,60.217,61.129,58.902,61.16,21.772,21.103,21.939,21.366,0.18
21.294,20.722,21.39,20.555,60.248,60.947,58.657,61.133,21.772,21.103,21.963,21.366,0.31
21.294,20.722,21.413,20.531,60.099,60.704,58.599,60.742,21.772,21.103,21.963,21.39,0.23
21.294,20.698,21.413,20.555,60.042,60.586,58.569,60.864,21.795,21.103,21.987,21.39,0.2
21.318,20.698,21.437,20.555,59.95,60.404,58.262,60.685,21.795,21.103,21.987,21.39,0.17
21.318,20.674,21.437,20.531,59.832,60.195,58.358,60.807,21.795,21.103,22.011,21.39,0.19
21.318,20.674,21.461,20.555,59.679,59.981,58.327,60.507,21.819,21.103,22.011,21.39,0.19
21.318,20.65,21.461,20.507,59.22,59.89,58.146,59.653,21.819,21.103,22.034,21.39,0.22
21.318,20.65,21.461,20.531,59.097,59.863,58.3,59.779,21.819,21.103,22.034,21.39,0.21
21.318,20.65,21.461,20.507,59.193,59.802,57.562,59.844,21.819,21.103,22.058,21.39,0.2
21.318,20.65,21.461,20.531,59.07,59.745,57.319,60.061,21.819,21.079,22.058,21.39,0.11
21.318,20.65,21.461,20.484,58.921,59.653,57.285,59.665,21.819,21.079,22.058,21.39,0.12
21.318,20.627,21.461,20.484,58.706,59.562,57.319,59.329,21.843,21.079,22.058,21.39,0.15
21.342,20.627,21.461,20.484,58.71,59.501,57.477,59.053,21.843,21.079,22.058,21.39,0.14
21.318,20.627,21.461,20.46,58.307,59.321,57.6,58.594,21.843,21.079,22.058,21.39,0.14
21.342,20.627,21.461,20.46,58.434,59.229,57.542,58.812,21.843,21.079,22.082,21.39,0.12
21.342,20.627,21.485,20.436,58.53,59.138,57.018,58.598,21.843,21.079,22.082,21.366,0.09
21.342,20.627,21.461,20.46,58.315,59.107,56.833,58.54,21.843,21.079,22.082,21.366,0.09
21.342,20.627,21.461,20.388,58.253,59.107,56.64,58.261,21.843,21.056,22.082,21.366,0.12
21.342,20.627,21.461,20.412,58.318,58.893,56.826,59.061,21.867,21.079,22.082,21.366,0.14
21.342,20.627,21.461,20.388,58.199,58.648,56.702,58.418,21.843,21.056,22.082,21.342,0.13
21.366,20.603,21.461,20.365,58.138,58.499,56.517,58.203,21.867,21.056,22.082,21.342,0.13
21.366,20.603,21.437,20.388,57.926,58.407,56.517,58.172,21.843,21.056,22.058,21.342,0.18
21.366,20.603,21.437,20.341,57.803,58.345,56.486,57.985,21.843,21.056,22.058,21.318,0.14
21.366,20.579,21.437,20.365,57.772,58.407,56.544,58.142,21.867,21.056,22.058,21.318,0.17
21.366,20.579,21.413,20.293,57.094,58.25,56.39,57.585,21.843,21.056,22.058,21.294,0.16
21.366,20.555,21.413,20.317,57.125,58.284,56.548,57.804,21.843,21.056,22.034,21.294,0.23
21.342,20.555,21.413,20.269,57.063,58.223,56.767,57.889,21.843,21.056,22.034,21.294,0.15
21.342,20.555,21.413,20.293,57.063,58.441,56.802,59.057,21.843,21.032,22.034,21.27,0.17
21.342,20.555,21.413,20.317,57.217,58.686,57.176,60.522,21.843,21.032,22.034,21.27,0.15
21.342,20.555,21.413,20.341,57.529,59.329,57.33,61.225,21.867,21.032,22.034,21.27,0.22
21.342,20.579,21.413,20.388,57.745,59.699,57.611,61.103,21.867,21.032,22.011,21.27,0.21
21.342,20.603,21.437,20.388,58.333,60.248,57.953,61.346,21.867,21.056,22.034,21.27,0.15
21.342,20.627,21.437,20.412,58.517,60.678,58.291,61.35,21.867,21.056,22.034,21.27,0.19
21.366,20.627,21.461,20.412,58.394,61.077,58.878,61.077,21.867,21.079,22.058,21.294,0.19
21.366,20.674,21.485,20.436,58.736,61.138,58.606,61.05,21.867,21.103,22.058,21.294,0.17
21.366,20.674,21.485,20.46,58.736,61.107,58.579,60.898,21.867,21.127,22.082,21.318,0.15
21.366,20.698,21.509,20.484,58.801,61.05,58.429,60.841,21.867,21.127,22.106,21.318,0.12
21.366,20.722,21.509,20.507,58.832,60.933,58.49,60.628,21.867,21.151,22.13,21.342,0.24
21.39,20.746,21.533,20.507,58.866,60.841,58.555,60.815,21.867,21.175,22.13,21.366,0.17
21.39,20.77,21.533,20.531,58.897,60.754,58.467,60.632,21.891,21.175,22.154,21.366,0.16
21.413,20.793,21.557,20.507,58.962,60.602,58.221,60.114,21.891,21.199,22.178,21.39,0.15
21.413,20.793,21.557,20.555,58.87,60.48,58.04,60.24,21.891,21.223,22.178,21.413,0.15
21.413,20.817,21.557,20.531,58.778,60.271,57.886,59.447,21.891,21.223,22.202,21.413,0.16
21.437,20.817,21.581,20.531,58.659,60.118,57.917,59.725,21.891,21.246,22.202,21.437,0.2
21.437,20.841,21.581,20.531,58.536,59.935,57.921,59.416,21.891,21.246,22.202,21.437,0.3
21.437,20.841,21.581,20.555,58.444,59.939,57.859,59.664,21.915,21.27,22.226,21.461,0.25
21.437,20.841,21.604,20.531,58.447,60.095,57.955,59.691,21.915,21.27,22.226,21.461,0.26
21.437,20.841,21.604,20.531,58.351,60.126,58.048,59.878,21.915,21.27,22.226,21.461,0.14
21.437,20.865,21.604,20.555,58.355,60.095,58.051,60.335,21.915,21.294,22.25,21.461,0.21
21.413,20.865,21.628,20.531,58.478,60.068,58.301,59.939,21.915,21.294,22.25,21.461,0.16
21.437,20.889,21.628,20.555,58.447,59.977,59.222,59.912,21.915,21.294,22.25,21.485,0.15
21.437,20.889,21.628,20.555,58.447,59.794,58.673,59.76,21.915,21.318,22.25,21.485,0.2
21.437,20.889,21.652,20.579,58.389,59.706,58.243,59.79,21.915,21.318,22.274,21.485,0.23
21.437,20.889,21.652,20.555,58.297,59.523,57.905,59.576,21.915,21.318,22.274,21.485,0.19
21.437,20.889,21.652,20.579,58.174,59.4,57.415,59.519,21.915,21.318,22.274,21.509,0.2
21.461,20.889,21.652,20.579,58.113,59.247,57.569,59.305,21.915,21.318,22.274,21.509,0.22
21.461,20.889,21.652,20.555,58.055,59.19,57.292,58.968,21.915,21.318,22.274,21.509,0.19
21.461,20.889,21.676,20.579,57.962,59.037,57.261,59.06,21.915,21.318,22.274,21.509,0.21
21.461,20.889,21.652,20.531,57.87,58.945,57.203,58.57,21.915,21.318,22.298,21.509,0.19
21.437,20.889,21.652,20.555,57.654,58.853,56.739,58.723,21.915,21.318,22.298,21.509,0.34
21.437,20.889,21.652,20.484,57.593,58.731,56.303,58.075,21.915,21.318,22.298,21.509,0.17
21.437,20.889,21.628,20.484,57.439,58.639,56.179,58.352,21.915,21.318,22.274,21.509,0.15
21.437,20.889,21.604,20.46,57.319,58.547,56.113,58.041,21.915,21.318,22.274,21.485,0.17
21.437,20.889,21.604,20.436,57.257,58.397,56.237,58.164,21.915,21.318,22.274,21.485,0.18
21.437,20.889,21.604,20.436,57.103,58.213,56.454,58.126,21.915,21.318,22.25,21.461,0.19
21.437,20.865,21.581,20.388,57.01,58.182,55.989,58.099,21.915,21.318,22.25,21.461,0.22
21.437,20.865,21.581,20.412,56.979,58.059,55.989,58.225,21.915,21.318,22.25,21.437,0.18
21.437,20.841,21.557,20.317,57.01,57.721,55.676,57.665,21.915,21.318,22.226,21.413,0.21
21.437,20.817,21.557,20.341,56.856,57.502,55.707,57.853,21.915,21.318,22.226,21.413,0.21
21.437,20.817,21.533,20.293,56.67,57.348,55.734,57.726,21.915,21.294,22.202,21.39,0.23
21.413,20.793,21.533,20.293,56.454,57.225,55.61,57.853,21.915,21.294,22.202,21.366,0.24
21.413,20.77,21.509,20.269,56.392,57.036,55.324,57.296,21.915,21.27,22.178,21.366,0.24
21.437,20.746,21.485,20.269,56.392,56.944,55.293,57.08,21.891,21.27,22.178,21.342,0.2
21.413,20.746,21.485,20.246,56.206,56.971,55.324,57.2,21.915,21.246,22.154,21.342,0.27
21.413,20.722,21.437,20.222,56.051,56.971,55.227,56.895,21.891,21.246,22.13,21.318,0.27
21.413,20.698,21.437,20.246,56.206,56.94,55.189,57.111,21.891,21.223,22.106,21.294,0.28
21.413,20.698,21.413,20.222,55.648,57.033,55.372,56.864,21.891,21.199,22.082,21.294,0.26
21.413,20.698,21.39,20.222,55.462,57.095,55.434,56.895,21.891,21.199,22.058,21.27,0.25
21.413,20.674,21.366,20.174,55.741,56.813,55.244,56.645,21.891,21.175,22.058,21.27,0.25
21.39,20.674,21.342,20.174,55.679,56.783,55.337,56.645,21.891,21.175,22.011,21.246,0.2
21.39,20.674,21.318,20.174,55.493,56.563,55.244,56.36,21.867,21.175,22.011,21.223,0.19
21.366,20.65,21.318,20.126,55.276,56.347,55.182,56.329,21.867,21.175,21.963,21.223,0.21
21.342,20.65,21.294,20.15,55.213,56.343,55.113,56.576,21.867,21.151,21.939,21.199,0.26
21.342,20.627,21.27,20.126,55.089,56.065,55.147,56.422,21.843,21.151,21.915,21.175,0.2
21.318,20.603,21.246,20.126,55.027,56.189,55.02,56.514,21.843,21.127,21.915,21.175,0.2
21.318,20.579,21.223,20.055,54.934,56.154,54.768,56.075,21.819,21.127,21.867,21.175,0.19
21.318,20.579,21.223,20.079,54.996,56.062,54.857,56.291,21.819,21.103,21.843,21.151,0.19
21.294,20.555,21.199,20.007,55.055,56.154,54.792,55.814,21.795,21.103,21.843,21.127,0.18
21.294,20.555,21.151,20.007,55.027,56.247,54.816,56.161,21.795,21.079,21.819,21.127,0.22
21.27,20.531,21.151,20.007,55.058,56.151,54.778,56.064,21.772,21.079,21.795,21.103,0.25
21.27,20.531,21.127,19.984,55.086,55.776,54.902,55.972,21.772,21.079,21.772,21.079,0.2
21.27,20.507,21.103,19.984,54.903,55.869,54.899,55.999,21.772,21.056,21.748,21.079,0.14
21.246,20.507,21.079,19.912,54.619,55.993,54.833,55.872,21.748,21.056,21.724,21.056,0.21
21.246,20.507,21.056,19.936,54.654,56.117,55.082,55.999,21.748,21.032,21.7,21.032,0.2
21.246,20.507,21.032,19.888,54.401,56.147,54.957,56.081,21.748,21.032,21.676,21.032,0.24
21.246,20.507,21.008,19.888,54.28,56.117,54.895,56.239,21.748,21.032,21.652,21.008,0.29
21.223,20.507,20.984,19.865,53.933,55.928,54.678,55.865,21.748,21.032,21.628,20.984,0.22
21.223,20.484,20.984,19.865,53.871,55.807,54.647,55.93,21.724,21.008,21.604,20.96,0.16
21.199,20.507,20.96,19.841,53.965,55.711,54.609,55.738,21.724,21.008,21.604,20.96,0.2
21.199,20.507,20.96,19.841,53.871,55.742,54.64,55.679,21.7,21.008,21.581,20.936,0.2
21.199,20.484,20.936,19.865,53.715,55.649,54.578,55.927,21.7,21.008,21.557,20.936,0.24
21.175,20.484,20.936,19.817,53.618,55.618,54.422,55.459,21.676,21.008,21.533,20.936,0.15
21.151,20.484,20.913,19.817,53.649,55.494,54.422,55.738,21.676,21.008,21.533,20.913,0.16
21.151,20.484,20.913,19.77,53.524,55.398,54.27,55.263,21.652,21.008,21.509,20.913,0.19
21.151,20.46,20.889,19.77,53.68,55.305,54.142,55.514,21.652,21.008,21.509,20.889,0.15
21.127,20.46,20.889,19.746,53.614,55.181,54.135,55.325,21.652,20.984,21.485,20.865,0.17
21.127,20.46,20.865,19.746,53.618,55.119,54.229,55.329,21.628,20.984,21.485,20.865,0.18
21.127,20.46,20.841,19.746,53.552,55.023,54.263,55.26,21.628,20.984,21.485,20.865,0.25
21.127,20.46,20.841,19.722,53.521,54.992,54.329,55.229,21.628,20.984,21.461,20.841,0.21
21.103,20.436,20.817,19.722,53.521,54.961,54.076,55.291,21.628,20.984,21.437,20.841,0.13
21.103,20.436,20.817,19.674,53.302,54.895,53.886,55.039,21.604,20.96,21.437,20.817,0.12
21.103,20.412,20.793,19.698,53.271,54.864,53.755,55.167,21.604,20.96,21.413,20.793,0.14
21.103,20.412,20.793,19.651,53.333,54.957,53.876,54.971,21.604,20.96,21.413,20.793,0.09
21.103,20.388,20.77,19.651,53.333,54.861,53.907,55.129,21.604,20.96,21.39,20.793,0.21
21.103,20.388,20.77,19.627,53.239,54.733,54.004,54.933,21.604,20.96,21.39,20.77,0.29
21.103,20.388,20.746,19.627,53.146,54.705,53.904,55.339,21.604,20.936,21.366,20.746,0.19
21.103,20.365,20.746,19.651,53.111,54.764,53.873,55.397,21.604,20.936,21.366,20.746,0.15
21.079,20.341,20.746,19.603,52.673,54.485,53.904,55.122,21.604,20.913,21.342,20.722,0.16
21.103,20.341,20.722,19.627,52.861,54.636,54.004,55.242,21.604,20.913,21.342,20.722,0.23
21.079,20.317,20.722,19.579,52.829,54.605,53.783,55.084,21.581,20.913,21.318,20.722,0.19
21.056,20.317,20.698,19.603,52.763,54.543,53.845,55.273,21.581,20.913,21.318,20.698,0.17
21.032,20.293,20.698,19.555,52.356,54.574,53.845,55.08,21.581,20.889,21.318,20.698,0.17
21.032,20.293,20.698,19.579,52.607,54.636,54.091,55.332,21.581,20.889,21.294,20.674,0.21
21.032,20.293,20.698,19.555,52.544,54.509,54.184,55.108,21.557,20.865,21.294,20.674,0.18
21.008,20.269,20.698,19.555,52.572,54.447,54.16,55.204,21.557,20.841,21.294,20.674,0.22
21.008,20.269,20.698,19.555,52.635,54.416,54.191,55.259,21.533,20.841,21.294,20.65,0.22
21.008,20.269,20.698,19.555,52.572,54.288,54.163,55.201,21.533,20.817,21.294,20.65,0.14
20.984,20.246,20.698,19.603,52.384,54.257,54.07,55.386,21.533,20.817,21.294,20.65,0.17
20.984,20.222,20.698,19.555,52.443,54.319,54.042,55.197,21.509,20.817,21.294,20.65,0.22
20.96,20.198,20.698,19.603,52.443,54.257,53.824,55.417,21.509,20.793,21.294,20.65,0.15
20.96,20.198,20.698,19.555,52.506,54.191,53.169,55.128,21.509,20.77,21.294,20.65,0.19
20.936,20.15,20.722,19.579,52.6,54.191,53.29,55.383,21.485,20.746,21.294,20.65,0.27
20.936,20.15,20.722,19.579,52.597,54.095,53.134,55.194,21.485,20.722,21.294,20.65,0.23
20.936,20.103,20.722,19.579,52.566,54.064,53.013,55.352,21.485,20.722,21.318,20.65,0.16
20.936,20.103,20.722,19.579,52.597,53.998,52.95,55.128,21.461,20.698,21.318,20.65,0.2
20.936,20.079,20.722,19.555,52.346,54.06,52.978,55.163,21.461,20.674,21.318,20.65,0.14
20.913,20.055,20.722,19.579,52.343,54.088,52.95,55.228,21.461,20.65,21.318,20.65,0.17
20.913,20.031,20.722,19.532,52.217,54.088,52.759,55.001,21.437,20.627,21.318,20.65,0.17
20.889,20.031,20.722,19.555,52.249,54.053,52.759,55.221,21.437,20.603,21.318,20.627,0.13
20.889,20.007,20.722,19.532,52.245,53.867,52.947,54.932,21.413,20.579,21.318,20.627,0.13
20.889,19.984,20.722,19.555,52.277,53.895,52.791,55.218,21.413,20.579,21.318,20.627,0.22
20.865,19.96,20.722,19.532,52.12,53.922,52.634,54.994,21.39,20.555,21.318,20.627,0.17
20.865,19.936,20.722,19.532,52.085,53.922,52.822,55.122,21.39,20.531,21.318,20.627,0.14
20.841,19.912,20.698,19.508,52.117,53.826,52.634,55.022,21.39,20.507,21.318,20.627,0.15
20.841,19.888,20.698,19.484,52.023,53.826,52.728,55.145,21.366,20.484,21.318,20.603,0.2
20.841,19.888,20.698,19.508,52.211,53.884,52.978,55.335,21.366,20.484,21.318,20.603,0.17
20.817,19.865,20.698,19.484,52.145,53.915,52.794,54.987,21.342,20.46,21.318,20.603,0.16
20.817,19.841,20.698,19.508,52.208,54.005,52.822,55.365,21.342,20.436,21.318,20.579,0.17
20.817,19.841,20.674,19.508,52.239,54.002,53.169,55.087,21.318,20.436,21.294,20.579,0.17
20.793,19.817,20.674,19.532,52.145,54.033,53.013,55.029,21.318,20.412,21.294,20.579,0.14
20.77,19.817,20.674,19.508,51.988,54.219,53.2,54.678,21.294,20.388,21.294,20.579,0.16
20.77,19.817,20.674,19.484,51.768,54.281,52.481,54.65,21.294,20.388,21.318,20.579,0.16
20.77,19.817,20.674,19.484,52.047,54.278,52.259,54.743,21.294,20.365,21.294,20.579,0.28
20.77,19.817,20.674,19.436,51.891,54.123,52.161,54.554,21.294,20.365,21.294,20.579,0.17
20.746,19.817,20.674,19.46,52.044,54.154,52.446,54.681,21.294,20.365,21.294,20.579,0.26
20.746,19.817,20.674,19.436,51.887,54.057,52.791,54.43,21.27,20.365,21.294,20.555,0.22
20.746,19.817,20.65,19.436,51.919,54.15,52.853,54.495,21.27,20.365,21.294,20.555,0.28
20.722,19.817,20.65,19.389,51.73,54.116,52.349,54.209,21.27,20.365,21.294,20.555,0.19
20.722,19.817,20.65,19.413,51.727,53.929,52.224,54.337,21.27,20.365,21.294,20.531,0.27
20.722,19.817,20.627,19.413,51.853,53.926,52.537,54.209,21.27,20.365,21.27,20.531,0.24
20.698,19.793,20.627,19.365,51.79,53.864,52.725,54.24,21.27,20.341,21.27,20.507,0.25
20.698,19.793,20.627,19.389,51.915,53.86,52.001,54.399,21.246,20.341,21.27,20.507,0.2
20.698,19.793,20.627,19.389,51.853,53.954,51.876,54.213,21.246,20.341,21.27,20.484,0.26
20.722,19.793,20.603,19.389,51.758,54.078,51.998,54.182,21.246,20.341,21.246,20.484,0.31
20.698,19.793,20.603,19.341,51.664,53.888,51.963,54.237,21.246,20.341,21.246,20.484,0.26
20.698,19.793,20.579,19.365,51.79,53.888,52.12,54.302,21.246,20.341,21.246,20.46,0.15
20.698,19.793,20.579,19.341,51.696,53.95,52.214,54.078,21.246,20.341,21.223,20.46,0.16
20.698,19.793,20.579,19.341,51.601,53.981,52.308,54.175,21.246,20.341,21.223,20.436,0.14
20.698,19.793,20.555,19.341,51.535,53.981,52.117,54.082,21.246,20.341,21.199,20.436,0.18
20.674,19.793,20.555,19.318,51.692,54.043,51.988,54.113,21.246,20.341,21.199,20.436,0.22
20.674,19.793,20.531,19.341,51.63,54.009,51.985,54.24,21.223,20.341,21.175,20.436,0.23
20.674,19.793,20.531,19.294,51.598,53.885,52.041,53.861,21.223,20.341,21.175,20.412,0.21
20.674,19.793,20.507,19.294,51.661,53.881,52.1,54.113,21.223,20.341,21.151,20.412,0.19
20.698,19.793,20.484,19.246,51.661,53.943,52.163,53.761,21.223,20.341,21.151,20.412,0.19
20.698,19.793,20.484,19.27,51.692,53.881,52.254,54.199,21.223,20.341,21.127,20.388,0.18
20.674,19.793,20.484,19.246,51.532,53.943,52.285,53.975,21.223,20.341,21.127,20.388,0.17
20.674,19.793,20.46,19.246,51.249,53.975,52.25,54.04,21.223,20.341,21.103,20.365,0.2
20.674,19.793,20.46,19.246,51.344,53.975,52.341,54.009,21.223,20.341,21.103,20.365,0.19
20.674,19.793,20.436,19.246,51.375,53.878,52.338,53.854,21.223,20.341,21.079,20.341,0.15
20.674,19.817,20.436,19.246,51.281,53.909,52.334,53.92,21.223,20.341,21.056,20.341,0.14
20.674,19.817,20.436,19.199,51.249,53.878,52.362,53.664,21.223,20.341,21.056,20.341,0.17
20.65,19.817,20.412,19.222,51.12,53.816,52.431,53.975,21.223,20.341,21.032,20.317,0.2
20.65,19.793,20.412,19.151,51.029,53.723,52.435,53.816,21.223,20.341,21.032,20.317,0.12
20.674,19.793,20.388,19.175,51.057,53.785,52.216,53.944,21.223,20.341,21.008,20.293,0.17
20.674,19.793,20.388,19.151,51.026,53.691,52.153,53.751,21.199,20.341,21.008,20.293,0.17
20.65,19.793,20.365,19.151,51.12,53.443,52.025,54.158,21.199,20.341,20.984,20.293,0.2
20.674,19.793,20.365,19.127,51.152,53.439,52.084,54.182,21.199,20.341,20.984,20.269,0.16
20.674,19.77,20.365,19.127,51.152,53.408,52.021,54.092,21.199,20.341,20.96,20.269,0.13
20.65,19.77,20.365,19.151,51.215,53.377,52.084,54.185,21.199,20.317,20.96,20.246,0.15
20.674,19.77,20.341,19.103,51.274,53.346,51.893,54.027,21.199,20.317,20.96,20.246,0.19
20.674,19.746,20.341,19.127,51.152,53.284,51.955,54.092,21.199,20.317,20.936,20.222,0.26
20.674,19.722,20.341,19.103,51.149,53.311,51.893,53.961,21.199,20.293,20.96,20.222,0.26
20.674,19.722,20.341,19.127,51.243,53.311,51.827,54.058,21.199,20.293,20.936,20.198,0.19
20.674,19.698,20.341,19.127,51.149,53.215,51.858,53.713,21.199,20.269,20.936,20.198,0.18
20.674,19.674,20.317,19.103,50.928,53.246,51.921,53.716,21.199,20.269,20.936,20.198,0.15
20.698,19.651,20.317,19.103,51.243,53.246,52.046,53.651,21.199,20.246,20.936,20.198,0.25
20.698,19.627,20.293,19.08,51.243,53.308,51.889,53.868,21.199,20.246,20.913,20.174,0.17
20.698,19.627,20.293,19.103,51.208,53.243,51.795,54.12,21.199,20.222,20.913,20.174,0.22
20.698,19.603,20.293,19.032,50.957,53.274,51.698,53.464,21.199,20.222,20.913,20.174,0.26
20.698,19.603,20.293,19.056,51.051,53.239,51.698,53.592,21.199,20.198,20.913,20.15,0.2
20.698,19.579,20.269,19.032,50.957,53.239,51.758,53.306,21.199,20.198,20.913,20.15,0.21
20.698,19.579,20.269,19.032,51.019,53.301,51.914,53.464,21.199,20.174,20.889,20.15,0.22
20.698,19.555,20.269,19.032,50.988,53.298,51.723,53.368,21.199,20.174,20.889,20.15,0.21
20.674,19.555,20.269,19.032,50.736,53.329,51.848,53.554,21.199,20.174,20.865,20.126,0.28
20.674,19.555,20.246,19.032,50.957,53.329,51.88,53.516,21.199,20.15,20.865,20.126,0.3
20.674,19.555,20.246,19.008,50.765,53.388,51.817,53.516,21.175,20.15,20.865,20.126,0.19
20.65,19.555,20.246,19.032,50.953,53.388,51.782,53.644,21.175,20.15,20.841,20.126,0.23
20.65,19.532,20.222,18.985,50.733,53.357,51.748,53.42,21.151,20.15,20.841,20.103,0.17
20.65,19.532,20.222,19.008,50.765,53.353,51.901,53.547,21.151,20.126,20.841,20.103,0.19
20.627,19.532,20.198,18.937,50.607,53.322,51.967,53.323,21.151,20.126,20.817,20.103,0.18
20.627,19.532,20.198,18.961,50.702,53.322,51.87,53.482,21.151,20.126,20.817,20.079,0.2
20.627,19.532,20.174,18.937,50.827,53.288,51.863,53.413,21.151,20.126,20.793,20.079,0.19
20.627,19.532,20.174,18.937,50.827,53.229,51.923,53.51,21.127,20.126,20.793,20.055,0.23
20.603,19.532,20.15,18.937,50.859,53.195,52.145,53.537,21.127,20.126,20.77,20.055,0.23
20.603,19.532,20.15,18.866,50.544,53.195,52.044,53.565,21.127,20.126,20.77,20.031,0.2
20.603,19.508,20.126,18.889,50.607,53.195,52.01,53.848,21.127,20.126,20.746,20.031,0.19
20.603,19.508,20.103,18.866,50.576,53.098,52.072,53.468,21.127,20.103,20.746,20.007,0.21
20.603,19.508,20.103,18.866,50.607,53.16,52.1,53.565,21.127,20.103,20.722,20.007,0.25
20.603,19.508,20.079,18.842,50.67,53.219,52.156,53.431,21.127,20.103,20.722,20.007,0.2
20.579,19.508,20.079,18.842,50.607,53.316,52.16,53.651,21.127,20.103,20.698,19.984,0.14
20.579,19.508,20.055,18.842,50.67,53.312,52.188,53.493,21.127,20.103,20.698,19.984,0.16
20.579,19.508,20.055,18.818,50.698,53.285,52.128,53.589,21.103,20.103,20.674,19.96,0.14
20.579,19.532,20.055,18.842,50.698,53.312,52.156,53.651,21.127,20.103,20.65,19.96,0.15
20.579,19.532,20.031,18.818,50.509,53.157,52.212,53.713,21.127,20.103,20.65,19.96,0.17
20.579,19.532,20.007,18.842,50.635,53.219,52.375,53.775,21.127,20.103,20.627,19.96,0.16
20.579,19.532,20.007,18.794,50.478,53.309,52.337,53.489,21.103,20.103,20.627,19.936,0.23
20.579,19.508,19.984,18.818,50.572,53.153,52.372,53.741,21.103,20.103,20.603,19.936,0.25
20.579,19.508,19.984,18.794,50.509,53.15,52.275,53.52,21.103,20.103,20.603,19.912,0.27
20.555,19.508,19.984,18.794,50.541,53.216,52.247,53.617,21.103,20.103,20.579,19.912,0.16
20.555,19.508,19.96,18.794,50.572,53.278,52.209,53.579,21.103,20.103,20.579,19.912,0.27
20.555,19.508,19.96,18.794,50.572,53.34,52.243,53.579,21.103,20.103,20.579,19.912,0.19
20.555,19.532,19.936,18.818,50.446,53.309,52.15,53.614,21.103,20.103,20.555,19.888,0.26
20.555,19.532,19.936,18.794,50.446,53.184,52.146,53.641,21.103,20.103,20.555,19.888,0.2
20.531,19.508,19.912,18.818,50.478,53.153,52.243,53.738,21.103,20.103,20.555,19.888,0.2
20.531,19.508,19.912,18.794,50.352,53.088,52.146,53.517,21.103,20.103,20.531,19.888,0.24
20.507,19.508,19.888,18.818,50.289,53.091,52.237,53.61,21.079,20.103,20.531,19.888,0.2
20.507,19.484,19.888,18.818,50.352,53.15,52.306,53.61,21.079,20.103,20.507,19.888,0.26
20.507,19.508,19.888,18.842,50.383,53.153,52.372,53.738,21.079,20.079,20.507,19.888,0.22
20.484,19.484,19.888,18.842,50.289,53.026,52.434,53.672,21.056,20.079,20.507,19.888,0.22
20.484,19.484,19.888,18.818,50.065,53.088,52.306,53.641,21.056,20.079,20.484,19.888,0.12
20.484,19.484,19.888,18.842,50.191,53.088,52.153,53.796,21.032,20.079,20.484,19.888,0.18
20.46,19.484,19.888,18.818,50.16,53.022,52.087,53.61,21.032,20.079,20.484,19.888,0.15
20.46,19.46,19.888,18.866,50.282,53.084,52.243,53.676,21.032,20.079,20.484,19.912,0.17
20.46,19.46,19.888,18.818,50.188,53.084,52.143,53.417,21.008,20.055,20.484,19.912,0.21
20.436,19.46,19.888,18.842,50.219,53.084,52.396,53.641,21.008,20.055,20.484,19.912,0.23
20.436,19.46,19.888,18.866,50.156,53.237,52.459,53.7,21.008,20.055,20.507,19.912,0.18
20.436,19.46,19.888,18.866,50.248,53.33,52.331,53.703,21.008,20.055,20.507,19.912,0.15
20.436,19.46,19.888,18.866,50.311,53.361,52.396,53.545,21.008,20.055,20.507,19.912,0.14
20.436,19.46,19.912,18.842,50.279,53.299,52.234,53.731,20.984,20.055,20.507,19.936,0.12
20.436,19.436,19.912,18.866,50.405,53.206,52.234,53.824,20.984,20.031,20.507,19.936,0.16
20.436,19.436,19.912,18.842,50.122,53.202,52.268,53.665,20.984,20.031,20.507,19.936,0.15
20.436,19.436,19.912,18.866,50.216,53.33,52.334,53.762,20.984,20.031,20.507,19.936,0.17
20.436,19.436,19.912,18.842,50.342,53.358,52.171,53.603,20.984,20.007,20.507,19.936,0.21
20.436,19.46,19.912,18.842,50.276,53.295,52.202,53.7,20.984,20.007,20.531,19.936,0.25
20.436,19.436,19.912,18.818,50.308,53.327,52.206,53.417,20.984,20.007,20.531,19.936,0.22
20.436,19.436,19.912,18.818,50.371,53.233,52.206,53.483,20.984,20.007,20.531,19.936,0.19
20.436,19.413,19.912,18.818,50.402,53.233,52.271,53.386,20.984,20.007,20.531,19.936,0.26
20.436,19.436,19.912,18.794,50.055,53.14,52.337,53.79,20.96,20.007,20.531,19.912,0.18
20.436,19.436,19.912,18.818,50.245,53.14,52.275,53.886,20.984,19.984,20.531,19.912,0.18
20.436,19.413,19.936,18.771,50.402,53.14,52.15,53.693,20.984,19.984,20.531,19.912,0.19
20.412,19.413,19.936,18.794,50.245,53.078,51.962,53.976,20.96,19.984,20.531,19.912,0.18
20.412,19.413,19.936,18.747,50.304,53.074,51.802,53.534,20.96,19.984,20.531,19.912,0.25
20.412,19.389,19.936,18.794,50.304,53.074,51.83,53.91,20.96,19.984,20.531,19.888,0.23
20.412,19.389,19.936,18.771,50.336,53.105,52.021,53.534,20.96,19.96,20.531,19.888,0.29
20.412,19.365,19.936,18.794,50.175,53.105,51.931,53.848,20.96,19.96,20.531,19.888,0.25
20.388,19.365,19.936,18.794,50.364,53.199,51.837,53.817,20.936,19.96,20.555,19.888,0.2
20.388,19.365,19.936,18.771,50.27,53.164,51.931,53.417,20.936,19.96,20.555,19.888,0.27
20.388,19.365,19.96,18.794,50.364,53.164,52.025,53.417,20.936,19.936,20.555,19.888,0.3
20.388,19.365,19.96,18.771,50.364,53.133,51.931,53.386,20.936,19.936,20.555,19.888,0.16
20.388,19.341,19.96,18.794,50.396,53.164,51.837,53.448,20.936,19.936,20.555,19.888,0.16
20.388,19.341,19.96,18.794,50.175,53.195,51.583,53.293,20.936,19.912,20.555,19.888,0.15
20.388,19.341,19.96,18.818,50.238,53.32,51.649,53.42,20.936,19.912,20.555,19.888,0.17
20.412,19.365,19.96,18.794,50.333,53.413,51.705,53.165,20.936,19.912,20.579,19.888,0.23
20.412,19.365,19.96,18.794,50.27,53.347,51.827,53.324,20.936,19.912,20.579,19.888,0.11
20.412,19.365,19.96,18.794,50.27,53.316,51.921,53.327,20.936,19.912,20.579,19.888,0.16
20.412,19.365,19.936,18.771,50.333,53.192,51.827,53.231,20.936,19.912,20.579,19.888,0.16
20.412,19.365,19.936,18.794,50.333,53.195,51.886,53.296,20.96,19.936,20.555,19.888,0.2
20.412,19.365,19.936,18.771,50.207,53.161,51.883,53.106,20.96,19.912,20.555,19.888,0.17
20.412,19.365,19.936,18.771,50.27,53.161,51.946,53.262,20.96,19.912,20.555,19.888,0.22
20.412,19.341,19.912,18.747,50.333,53.192,51.88,53.006,20.96,19.912,20.555,19.888,0.18
20.412,19.341,19.912,18.747,50.364,53.037,52.002,53.196,20.984,19.912,20.531,19.865,0.18
